{"cameraMode":{"drawMode":0,"name":"Shaded","section":"Shading Mode"},"sceneLighting":true,"audioPlay":false,"sceneViewState":{"m_AlwaysRefresh":false,"showFog":false,"showSkybox":false,"showFlares":true,"showImageEffects":true,"showParticleSystems":true,"showVisualEffectGraphs":true,"m_FxEnabled":true},"in2DMode":false,"pivot":{"x":-0.1399993896484375,"y":28.565000534057618,"z":0.22500038146972657},"rotation":{"x":-0.01947825774550438,"y":-0.9553045630455017,"z":-0.030733928084373475,"w":0.2966018319129944},"size":68.72227478027344,"orthographic":false}